time_bin,commuters,share,share_exact
5,793357,12.6,12.596961290745654
15,1384569,22.0,21.984254373965843
25,1423798,22.6,22.60713435671593
35,1182157,18.8,18.77034672736739
45,805316,12.8,12.786846878288245
55,418012,6.6,6.637215002914417
60+,290794,4.6,4.617241370002523
